"id";"symptoms";"disease";"possible_medication";"cure";"severity"
1;"fever, cough, fatigue";"Common Cold";"Paracetamol, Cough Syrup";"Rest, Hydration";"Low"
2;"headache, nausea, vomiting";"Migraine";"Ibuprofen, Sumatriptan";"Pain relievers, Avoid triggers";"Moderate"
3;"fever, rash, joint pain";"Dengue";"Acetaminophen, IV Fluids";"Hydration, Bed rest";"Low"
4;"sore throat, fever, headache";"Strep Throat";"Amoxicillin, Penicillin";"Antibiotics";"Low"
5;"abdominal pain, diarrhea, nausea";"Food Poisoning";"Oral Rehydration Solutions, Antibiotics";"Hydration, Antibiotics";"High"
6;"shortness of breath, cough, fever";"Pneumonia";"Antibiotics, Oxygen therapy";"Antibiotics, Hospitalization if severe";"Moderate"
7;"sneezing, runny nose, itchy eyes";"Allergic Rhinitis";"Antihistamines, Nasal Spray";"Avoid allergens, Medication";"High"
8;"abdominal pain, bloating, constipation";"Irritable Bowel Syndrome";"Fiber supplements, Laxatives";"Diet modification, Stress management";"Moderate"
9;"frequent urination, thirst, fatigue";"Diabetes Type 2";"Insulin, Metformin";"Lifestyle changes, Medication";"Low"
10;"joint pain, swelling, stiffness";"Rheumatoid Arthritis";"NSAIDs, Methotrexate";"Medication, Physical therapy";"High"
11;"chest pain, shortness of breath";"Angina";"Nitroglycerin, Beta-blockers";"Lifestyle changes, Medication";"Moderate"
12;"fever, chills, cough";"Flu";"Oseltamivir, Acetaminophen";"Rest, Fluids";"Low"
13;"painful urination, pelvic pain";"Urinary Tract Infection";"Antibiotics";"Antibiotics, Hydration";"Low"
14;"weakness, dizziness, fainting";"Anemia";"Iron supplements, Vitamin B12";"Dietary changes, Supplements";"High"
15;"weight loss, persistent cough";"Tuberculosis";"Isoniazid, Rifampin";"Long-term antibiotics";"Moderate"
16;"sudden numbness, confusion, trouble speaking";"Stroke";"Clot-busting drugs, Aspirin";"Emergency medical treatment";"Low"
17;"fever, yellow skin, dark urine";"Hepatitis B";"Antiviral medications";"Vaccination, Liver care";"Low"
18;"persistent cough, shortness of breath";"Asthma";"Inhalers, Steroids";"Inhaler usage, Avoid triggers";"High"
19;"nausea, vomiting, jaundice";"Liver Cirrhosis";"Diuretics, Liver transplant";"Alcohol cessation, Medication";"Moderate"
20;"rash, joint pain, fever";"Chikungunya";"Pain relievers, Fluid replacement";"Rest, Hydration";"Low"
21;"chest pain, fatigue, swelling";"Congestive Heart Failure";"Diuretics, ACE inhibitors";"Lifestyle changes, Medication";"Low"
22;"dizziness, headache, blurred vision";"Hypertension";"ACE inhibitors, Beta-blockers";"Lifestyle changes, Medication";"High"
23;"abdominal pain, weight loss, blood in stool";"Colorectal Cancer";"Chemotherapy, Surgery";"Surgery, Radiation therapy";"Moderate"
24;"pain in the lower abdomen, fever";"Appendicitis";"Surgical removal of appendix";"Appendectomy";"Low"
25;"nausea, vomiting, weight loss";"Stomach Ulcer";"Antacids, Proton pump inhibitors";"Avoid triggers, Medication";"Low"
26;"joint pain, fatigue, fever";"Lupus";"NSAIDs, Immunosuppressants";"Medication, Regular monitoring";"High"
27;"fever, sore throat, swollen lymph nodes";"Mononucleosis";"Rest, Fluids";"Rest, Avoid contact sports";"Moderate"
28;"fever, headache, stiff neck";"Meningitis";"Antibiotics, Steroids";"Hospitalization, Medication";"Low"
29;"rash, itching, fever";"Chickenpox";"Antihistamines, Calamine lotion";"Rest, Antivirals if severe";"Low"
30;"pain, redness, swelling in one joint";"Gout";"NSAIDs, Colchicine";"Avoid alcohol, Medication";"High"
31;"fever, muscle pain, nausea";"Malaria";"Chloroquine, Artemisinin";"Antimalarial drugs, Hospitalization if severe";"Moderate"
32;"painful urination, genital sores";"Genital Herpes";"Acyclovir, Famciclovir";"Antiviral medication";"Low"
33;"cough, weight loss, night sweats";"HIV/AIDS";"Antiretroviral drugs";"Antiretroviral therapy, Lifestyle support";"Low"
34;"high fever, chills, jaundice";"Yellow Fever";"Pain relievers, Fluids";"Vaccination, Supportive care";"High"
35;"frequent urination, fatigue, blurry vision";"Diabetic Retinopathy";"Laser therapy, Anti-VEGF injections";"Blood sugar control, Eye care";"Moderate"
36;"dry cough, weight loss, chest pain";"Lung Cancer";"Chemotherapy, Radiation";"Surgery, Targeted therapy";"Low"
37;"fever, sore throat, dry cough";"COVID-19";"Remdesivir, Dexamethasone";"Self-isolation, Supportive care";"Low"
38;"pain, fatigue, difficulty moving joints";"Osteoarthritis";"NSAIDs, Corticosteroid injections";"Physical therapy, Joint replacement";"High"
39;"frequent coughing, shortness of breath";"Chronic Bronchitis";"Bronchodilators, Steroids";"Quit smoking, Medication";"Moderate"
40;"fever, malaise, skin sores";"Leprosy";"Antibiotics";"Long-term antibiotics";"Low"
41;"fever, rash, muscle pain";"Zika Virus";"Pain relievers, Rest";"Hydration, Rest";"Low"
42;"difficulty swallowing, hoarseness, cough";"Esophageal Cancer";"Chemotherapy, Radiation";"Surgery, Targeted therapy";"High"
43;"abdominal bloating, frequent urination";"Ovarian Cancer";"Chemotherapy, Surgery";"Surgery, Radiation therapy";"Moderate"
44;"frequent headaches, dizziness, memory loss";"Alzheimer�s Disease";"Donepezil, Rivastigmine";"Medication, Supportive care";"Low"
45;"muscle pain, fatigue, fever";"Influenza";"Antivirals, Bed rest";"Fluids, Medication";"Low"
46;"pain in the neck, arm weakness, numbness";"Cervical Disc Herniation";"NSAIDs, Physical therapy";"Surgery if severe";"High"
47;"high fever, dehydration, fatigue";"Heat Stroke";"IV fluids, Cooling measures";"Cool down, Hydration";"Moderate"
48;"vomiting, diarrhea, dehydration";"Rotavirus";"Oral rehydration, IV fluids";"Supportive care";"Low"
49;"dry skin, itching, joint pain";"Psoriasis";"Topical steroids, Phototherapy";"Medication, Light therapy";"Low"
50;"fever, chills, headache";"Typhoid";"Ciprofloxacin, Ceftriaxone";"Antibiotics, Hydration";"High"
51;"fever, headache, rash";"Measles";"Vitamin A, Acetaminophen";"Rest, Hydration";"Moderate"
52;"chills, fever, muscle pain";"Malaria";"Chloroquine, Artemisinin";"Antimalarial drugs";"Moderate"
53;"chest pain, shortness of breath";"Pulmonary Embolism";"Blood thinners, Clot busters";"Emergency care";"High"
54;"headache, stiff neck, confusion";"Meningitis";"Antibiotics, Steroids";"Hospitalization, Medication";"High"
55;"fever, rash, sore throat";"Scarlet Fever";"Penicillin, Amoxicillin";"Antibiotics";"Moderate"
56;"dry cough, fever, shortness of breath";"Bronchitis";"Bronchodilators, Steroids";"Quit smoking, Rest";"Moderate"
57;"severe chest pain, dizziness, sweating";"Heart Attack";"Aspirin, Nitroglycerin";"Immediate medical attention";"High"
58;"abdominal pain, blood in stool";"Colon Cancer";"Chemotherapy, Surgery";"Surgery, Radiation therapy";"High"
59;"nausea, vomiting, jaundice";"Hepatitis A";"Rest, Hydration";"Self-recovery, Rest";"Low"
60;"abdominal cramps, diarrhea, nausea";"Cholera";"Oral rehydration salts, IV fluids";"Hydration, Antibiotics";"High"
61;"itchy eyes, runny nose, sneezing";"Hay Fever";"Antihistamines, Nasal sprays";"Avoid allergens";"Low"
62;"cough, chest pain, fever";"Pleurisy";"NSAIDs, Steroids";"Rest, Medication";"Moderate"
63;"painful urination, pelvic pain";"Bladder Infection";"Antibiotics";"Hydration, Antibiotics";"Low"
64;"nausea, bloating, diarrhea";"Gastroenteritis";"Oral rehydration, Antiemetics";"Rest, Hydration";"Moderate"
65;"headache, visual disturbances, vomiting";"Brain Tumor";"Surgery, Radiation";"Surgery, Chemotherapy";"High"
66;"fatigue, swollen joints, skin rash";"Lupus";"NSAIDs, Corticosteroids";"Medication, Monitoring";"Moderate"
67;"high blood pressure, chest pain";"Hypertensive Heart Disease";"ACE inhibitors, Beta-blockers";"Medication, Lifestyle changes";"High"
68;"joint pain, fatigue, fever";"Rheumatic Fever";"Antibiotics, NSAIDs";"Medication, Rest";"High"
69;"dizziness, confusion, speech trouble";"Transient Ischemic Attack";"Aspirin, Blood thinners";"Immediate medical attention";"Moderate"
70;"ear pain, fever, hearing loss";"Ear Infection";"Antibiotics, Pain relievers";"Ear drops, Warm compress";"Moderate"
71;"back pain, stiffness, leg pain";"Sciatica";"Pain relievers, Physical therapy";"Exercise, Stretching";"Moderate"
72;"chest pain, shortness of breath, dizziness";"Angina";"Nitroglycerin, Beta-blockers";"Lifestyle changes, Medication";"High"
73;"eye strain, headache, blurred vision";"Eye Strain";"Rest, Artificial tears";"Reduce screen time, Eye exercises";"Low"
74;"headache, nausea, vomiting";"Migraine";"Ibuprofen, Sumatriptan";"Pain relievers, Rest";"Moderate"
75;"abdominal pain, bloating, nausea";"Irritable Bowel Syndrome";"Fiber supplements, Laxatives";"Diet modification, Stress management";"Moderate"
76;"frequent urination, pain during urination";"Urinary Tract Infection";"Antibiotics";"Hydration, Avoid irritants";"Low"
77;"stomach cramps, diarrhea, nausea";"Gastroenteritis";"Oral rehydration, Antiemetics";"Hydration, Rest";"Moderate"
78;"pain in joints, swelling, redness";"Rheumatoid Arthritis";"NSAIDs, Methotrexate";"Physical therapy, Medication";"High"
79;"painful urination, pelvic pain";"Bladder Infection";"Antibiotics";"Hydration, Avoid irritants";"Low"
80;"back pain, stiffness, reduced movement";"Osteoarthritis";"NSAIDs, Corticosteroid injections";"Physical therapy, Joint replacement";"High"
81;"pain, swelling, redness in joints";"Gout";"NSAIDs, Colchicine";"Avoid alcohol, Medication";"High"
82;"headache, sensitivity to light, nausea";"Cluster Headache";"Pain relievers, Oxygen therapy";"Avoid triggers, Medication";"Moderate"
83;"sharp chest pain, breathing difficulty";"Pneumothorax";"Oxygen therapy, Chest tube";"Surgery, Rest";"High"
84;"pain, swelling in lower leg";"Deep Vein Thrombosis";"Blood thinners, Compression stockings";"Immediate medical attention";"High"
85;"sore throat, fever, headache";"Strep Throat";"Amoxicillin, Penicillin";"Rest, Fluids";"Low"
86;"swollen lymph nodes, sore throat";"Mononucleosis";"Rest, Fluids";"Avoid contact sports";"Moderate"
87;"pain, redness, vision problems";"Glaucoma";"Eye drops, Surgery";"Regular eye exams, Medication";"High"
88;"stomach bloating, nausea, vomiting";"Gastroparesis";"Prokinetics, Antiemetics";"Diet modification";"Moderate"
89;"cough, chest tightness, shortness of breath";"Asthma";"Inhalers, Steroids";"Inhaler usage, Avoid triggers";"High"
90;"fever, muscle pain, rash";"Rheumatic Fever";"NSAIDs, Antibiotics";"Physical therapy, Medication";"High"
91;"dizziness, blurred vision, headache";"Vertigo";"Vestibular rehabilitation, Antihistamines";"Avoid sudden head movements";"Moderate"
92;"pain, numbness, tingling in fingers";"Carpal Tunnel Syndrome";"Wrist splints, Physical therapy";"Surgery if severe";"Moderate"
93;"pain in calf, swelling";"Varicose Veins";"Compression stockings, Elevation";"Exercise, Avoid standing for long";"Low"
94;"difficulty swallowing, pain, hoarseness";"Esophageal Cancer";"Chemotherapy, Radiation";"Surgery, Targeted therapy";"High"
95;"swollen feet, chest pain";"Congestive Heart Failure";"Diuretics, ACE inhibitors";"Lifestyle changes, Medication";"Moderate"
96;"neck pain, numbness in arm";"Cervical Disc Herniation";"NSAIDs, Physical therapy";"Surgery if severe";"High"
97;"abdominal pain, weight loss, blood in stool";"Colorectal Cancer";"Chemotherapy, Surgery";"Surgery, Radiation therapy";"High"
98;"painful skin rash, fever";"Shingles";"Antiviral medications";"Rest, Pain relievers";"Moderate"
99;"itchy eyes, runny nose, sneezing";"Hay Fever";"Antihistamines, Nasal sprays";"Avoid allergens";"Low"
100;"abdominal pain, fever, diarrhea";"Cholera";"Oral rehydration salts, IV fluids";"Hydration, Antibiotics";"High"
101;"headache, confusion, vision problems";"Brain Tumor";"Surgery, Chemotherapy";"Radiation therapy";"High"
102;"muscle weakness, fatigue, nausea";"Chronic Fatigue Syndrome";"Pain relievers, Antidepressants";"Rest, Exercise";"Moderate"
103;"rash, muscle pain, fever";"Zika Virus";"Pain relievers, Rest";"Hydration, Rest";"Low"
104;"sore throat, fever, muscle aches";"Common Cold";"Decongestants, Pain relievers";"Rest, Hydration";"Low"
105;"pain, redness, swelling in one joint";"Osteoarthritis";"NSAIDs, Pain relievers";"Physical therapy, Joint replacement";"High"
106;"nausea, vomiting, weight loss";"Stomach Ulcer";"Antacids, Proton pump inhibitors";"Avoid triggers, Medication";"Low"
107;"painful urination, pelvic pain";"Urinary Tract Infection";"Antibiotics";"Hydration, Avoid irritants";"Low"
108;"frequent urination, fatigue, blurry vision";"Diabetic Retinopathy";"Laser therapy, Anti-VEGF injections";"Blood sugar control, Eye care";"Moderate"
109;"muscle pain, fatigue, fever";"Influenza";"Antivirals, Bed rest";"Fluids, Medication";"Low"
110;"fatigue, muscle weakness, weight gain";"Hypothyroidism";"Levothyroxine";"Hormone replacement therapy";"Moderate"
111;"high fever, swollen salivary glands";"Mumps";"Pain relievers, Rest";"Isolation, Hydration";"Low"
112;"loss of appetite, nausea, dark urine";"Hepatitis C";"Antiviral drugs";"Regular monitoring, Liver care";"Moderate"
113;"severe headache, vomiting, blurred vision";"Glaucoma";"Eye drops, Surgery";"Medication, Surgical intervention";"High"
114;"fatigue, joint pain, liver issues";"Hepatitis E";"Rest, Hydration";"Self-recovery";"Low"
115;"chest pain, shortness of breath, dizziness";"Angina";"Nitrates, Aspirin";"Lifestyle changes, Medication";"High"
116;"weight loss, frequent urination, blurred vision";"Diabetes Type 2";"Metformin, Insulin therapy";"Diet control, Regular exercise";"High"
117;"severe sore throat, difficulty swallowing, fever";"Tonsillitis";"Antibiotics, Painkillers";"Rest, Surgery in severe cases";"Moderate"
118;"severe headache, fever, stiff neck";"Meningitis";"Antibiotics, Corticosteroids";"Hospitalization, Medication";"High"
119;"joint pain, stiffness, swelling";"Rheumatoid Arthritis";"NSAIDs, DMARDs";"Physical therapy, Medication";"Moderate"
120;"skin rash, fatigue, fever";"Chickenpox";"Antihistamines, Calamine lotion";"Rest, Hydration";"Low"
121;"dry cough, sore throat, runny nose";"Common Cold";"Decongestants, Rest";"Self-recovery";"Low"
122;"chills, muscle pain, dry cough";"Influenza";"Antiviral medication, Rest";"Hydration, Rest";"Moderate"
123;"high fever, joint pain, rash";"Dengue Fever";"Paracetamol, IV fluids";"Hydration, Rest";"High"
124;"vomiting, diarrhea, stomach cramps";"Gastroenteritis";"Oral rehydration salts, IV fluids";"Rest, Proper hydration";"Moderate"
125;"persistent cough, chest pain, weight loss";"Tuberculosis";"Antibiotics (Rifampicin, Isoniazid)";"Long-term medication";"High"
126;"itchy scalp, dandruff, redness";"Scalp Psoriasis";"Topical steroids, Salicylic acid";"Medication, Therapy";"Low"
127;"weight gain, moon face, high BP";"Cushing Syndrome";"Surgery, Cortisol inhibitors";"Hormonal therapy";"Moderate"
128;"irritability, heat intolerance, weight loss";"Hyperthyroidism";"Antithyroid drugs, Beta blockers";"Medication, Radioiodine therapy";"Moderate"
129;"frequent urination, blood in urine, pain";"Kidney Stones";"Painkillers, Lithotripsy";"Surgery if severe";"High"
130;"wheezing, shortness of breath, chest tightness";"Asthma";"Bronchodilators, Steroids";"Inhalers, Avoid triggers";"Moderate"
131;"chest pain, cough with blood, fever";"Pneumonia";"Antibiotics, Cough medicine";"Rest, Hospitalization if needed";"High"
132;"back pain, stiffness, reduced mobility";"Spondylitis";"NSAIDs, Physical therapy";"Lifestyle changes, Medication";"Moderate"
133;"swollen lymph nodes, weight loss, fever";"Lymphoma";"Chemotherapy, Radiation";"Cancer therapy";"High"
134;"weakness, tiredness, pale skin";"Anemia";"Iron supplements, Vitamin B12";"Diet correction, Medication";"Moderate"
135;"yellow skin, nausea, fatigue";"Jaundice";"Rest, Liver supportive medication";"Hydration, Avoid alcohol";"Moderate"
136;"severe abdominal pain, nausea, vomiting";"Appendicitis";"Pain relievers, Surgery";"Appendectomy";"High"
137;"frequent hunger, excessive thirst, weight loss";"Diabetes Type 1";"Insulin therapy";"Lifestyle management";"High"
138;"vision problems, headache, dizziness";"Hypertension";"Antihypertensives";"Diet and lifestyle changes";"High"
139;"numbness, fatigue, difficulty walking";"Multiple Sclerosis";"Corticosteroids, Physical therapy";"Medication, Supportive care";"High"
140;"red eyes, itching, watery discharge";"Conjunctivitis";"Antibiotic eye drops";"Avoid touching eyes, Rest";"Low"
141;"chronic cough, breathlessness, fatigue";"COPD (Chronic Obstructive Pulmonary Disease)";"Bronchodilators, Oxygen therapy";"Lifestyle changes, Inhalers";"High"
142;"burning sensation, pain while urinating";"Urinary Tract Infection";"Antibiotics";"Hydration, Rest";"Moderate"
143;"muscle weakness, tremors, speech issues";"Parkinson?s Disease";"Levodopa, Physiotherapy";"Supportive care, Medication";"High"
144;"high fever, rash, joint pain";"Chikungunya";"Painkillers, Rest";"Hydration, Self-recovery";"Moderate"
145;"fatigue, enlarged liver, fluid retention";"Cirrhosis";"Diuretics, Lifestyle changes";"Liver transplant in severe cases";"High"
146;"difficulty breathing, wheezing, coughing";"Bronchitis";"Cough suppressants, Rest";"Self-recovery, Avoid smoking";"Moderate"
147;"stomach pain, bloating, gas";"Irritable Bowel Syndrome";"Antispasmodics, Dietary changes";"Lifestyle adjustments";"Low"
148;"memory loss, confusion, mood changes";"Alzheimer?s Disease";"Cholinesterase inhibitors";"Supportive care, Medication";"High"
149;"joint pain, fatigue, butterfly rash";"Lupus";"NSAIDs, Steroids";"Medication, Avoid triggers";"Moderate"
150;"sharp abdominal pain, indigestion, nausea";"Gallstones";"Painkillers, Surgery";"Cholecystectomy";"Moderate"
151;"sneezing, nasal congestion, watery eyes";"Allergic Rhinitis";"Antihistamines, Decongestants";"Avoid allergens";"Low"
152;"fever, vomiting, headache, confusion";"Encephalitis";"Antiviral drugs, Corticosteroids";"Hospitalization";"High"
153;"facial pain, nasal congestion, headache";"Sinusitis";"Antibiotics, Decongestants";"Steam inhalation, Rest";"Moderate"
154;"extreme thirst, dark urine, dizziness";"Dehydration";"Oral rehydration, IV fluids";"Hydration, Rest";"Moderate"
155;"itching, redness, swelling of skin";"Eczema";"Topical steroids, Moisturizers";"Avoid triggers, Medication";"Low"
156;"weakness, irregular heartbeat, fatigue";"Electrolyte Imbalance";"Electrolyte supplements";"Dietary correction";"Moderate"
157;"painful ulcers in mouth, fever";"Hand, Foot, and Mouth Disease";"Pain relievers, Hydration";"Rest, Avoid contact";"Low"
158;"abdominal pain, rectal bleeding, fatigue";"Ulcerative Colitis";"Anti-inflammatory drugs";"Medication, Surgery if needed";"Moderate"
159;"burning chest pain, acid reflux";"GERD (Gastroesophageal Reflux Disease)";"Antacids, Proton pump inhibitors";"Dietary changes, Medication";"Moderate"
160;"joint pain, stiffness, swelling";"Osteoarthritis";"Pain relievers, Physiotherapy";"Exercise, Joint replacement";"Moderate"
161;"pale skin, fatigue, dizziness";"Vitamin Deficiency Anemia";"Vitamin supplements";"Diet improvement";"Low"
162;"swelling, tenderness in joints, fever";"Gout";"NSAIDs, Colchicine";"Medication, Avoid purines";"Moderate"
163;"nausea, fatigue, cold intolerance";"Adrenal Insufficiency";"Hormone replacement therapy";"Medication";"High"
164;"coughing up blood, wheezing, chest pain";"Lung Cancer";"Chemotherapy, Surgery";"Cancer treatment";"High"
